Name,Cuisine,Region,Address,Google Maps Link
"Kim's Family Diner","Diner","Syracuse","8319 Brewerton Rd, Cicero, NY","https://www.google.com/maps/search/?api=1&query=Kim's%20Family%20Diner%208319%20Brewerton%20Rd%20Cicero%20NY"
"Julie's Diner","Diner","Syracuse","504 N Main St, North Syracuse, NY","https://www.google.com/maps/search/?api=1&query=Julie's%20Diner%20504%20N%20Main%20St%20North%20Syracuse%20NY"
"Sake Bomb","Japanese","Syracuse","8081 Brewerton Rd, Cicero, NY","https://www.google.com/maps/search/?api=1&query=Sake%20Bomb%208081%20Brewerton%20Rd%20Cicero%20NY"
"Toss & Fire Wood-Fired Pizza","Pizza","Syracuse","8110 N Main St, North Syracuse, NY","https://www.google.com/maps/search/?api=1&query=Toss%20%26%20Fire%20Wood-Fired%20Pizza%208110%20N%20Main%20St%20North%20Syracuse%20NY"
"Basil Leaf Thai Cuisine","Thai","Syracuse","210 N Main St, North Syracuse, NY","https://www.google.com/maps/search/?api=1&query=Basil%20Leaf%20Thai%20Cuisine%20210%20N%20Main%20St%20North%20Syracuse%20NY"
"The Clam Bar","Seafood","Syracuse","3914 Brewerton Rd, North Syracuse, NY","https://www.google.com/maps/search/?api=1&query=The%20Clam%20Bar%203914%20Brewerton%20Rd%20North%20Syracuse%20NY"
"Panera Bread","Cafe","Syracuse","5663 E Circle Dr, Cicero, NY","https://www.google.com/maps/search/?api=1&query=Panera%20Bread%205663%20E%20Circle%20Dr%20Cicero%20NY"
"Paladino's Cicero Pizza","Pizza","Syracuse","7801 Brewerton Rd, Cicero, NY","https://www.google.com/maps/search/?api=1&query=Paladino's%20Cicero%20Pizza%207801%20Brewerton%20Rd%20Cicero%20NY"
"Tully's Good Times Cicero","American","Syracuse","7838 Brewerton Rd, Cicero, NY","https://www.google.com/maps/search/?api=1&query=Tully's%20Good%20Times%20Cicero%207838%20Brewerton%20Rd%20Cicero%20NY"
"CopperTop Tavern Cicero","American","Syracuse","7777 Brewerton Rd, Cicero, NY","https://www.google.com/maps/search/?api=1&query=CopperTop%20Tavern%20Cicero%207777%20Brewerton%20Rd%20Cicero%20NY"
"Vicino's Brick & Brew","Italian","Syracuse","7789 Brewerton Rd, Cicero, NY","https://www.google.com/maps/search/?api=1&query=Vicino's%20Brick%20%26%20Brew%207789%20Brewerton%20Rd%20Cicero%20NY"
"Rancho Viejo","Mexican","Syracuse","7850 Brewerton Rd, Cicero, NY","https://www.google.com/maps/search/?api=1&query=Rancho%20Viejo%207850%20Brewerton%20Rd%20Cicero%20NY"
"Carmelita's Mexican","Mexican","Syracuse","5701 E Circle Dr, Cicero, NY","https://www.google.com/maps/search/?api=1&query=Carmelita's%20Mexican%205701%20E%20Circle%20Dr%20Cicero%20NY"
"Frankie Sushi","Japanese","Syracuse","8350 Brewerton Rd, Cicero, NY","https://www.google.com/maps/search/?api=1&query=Frankie%20Sushi%208350%20Brewerton%20Rd%20Cicero%20NY"
"Thee Diner","Diner","Syracuse","6043 State Route 31, Cicero, NY","https://www.google.com/maps/search/?api=1&query=Thee%20Diner%206043%20State%20Route%2031%20Cicero%20NY"
"Lakeshore Pizza","Pizza","Syracuse","6969 Lakeshore Rd, Cicero, NY","https://www.google.com/maps/search/?api=1&query=Lakeshore%20Pizza%206969%20Lakeshore%20Rd%20Cicero%20NY"
"Twin Trees Cicero","Pizza","Syracuse","6259 Route 31, Cicero, NY","https://www.google.com/maps/search/?api=1&query=Twin%20Trees%20Cicero%206259%20Route%2031%20Cicero%20NY"
"Cicero Country Pizza","Pizza","Syracuse","8292 Brewerton Rd, Cicero, NY","https://www.google.com/maps/search/?api=1&query=Cicero%20Country%20Pizza%208292%20Brewerton%20Rd%20Cicero%20NY"
"Liberty's Food & Fish Fry","Seafood","Syracuse","6972 Lakeshore Rd, Cicero, NY","https://www.google.com/maps/search/?api=1&query=Liberty's%20Food%20%26%20Fish%20Fry%206972%20Lakeshore%20Rd%20Cicero%20NY"
"Chick-fil-A Cicero","Fast Food","Syracuse","7916 Brewerton Rd, Cicero, NY","https://www.google.com/maps/search/?api=1&query=Chick-fil-A%20Cicero%207916%20Brewerton%20Rd%20Cicero%20NY"
"Dave's Hot Chicken Cicero","Fast Food","Syracuse","5683 E Circle Dr, Cicero, NY","https://www.google.com/maps/search/?api=1&query=Dave's%20Hot%20Chicken%20Cicero%205683%20E%20Circle%20Dr%20Cicero%20NY"
"Cracker Barrel Cicero","American","Syracuse","8400 Pardee Rd, Cicero, NY","https://www.google.com/maps/search/?api=1&query=Cracker%20Barrel%20Cicero%208400%20Pardee%20Rd%20Cicero%20NY"
"Buffalo Wild Wings Cicero","Wings","Syracuse","5671 E Circle Dr, Cicero, NY","https://www.google.com/maps/search/?api=1&query=Buffalo%20Wild%20Wings%20Cicero%205671%20E%20Circle%20Dr%20Cicero%20NY"
"Original Italian Pizza Cicero","Pizza","Syracuse","8064 Brewerton Rd, Cicero, NY","https://www.google.com/maps/search/?api=1&query=Original%20Italian%20Pizza%20Cicero%208064%20Brewerton%20Rd%20Cicero%20NY"
"Brick House Cafe","Cafe","Syracuse","5885 E Circle Dr, Cicero, NY","https://www.google.com/maps/search/?api=1&query=Brick%20House%20Cafe%205885%20E%20Circle%20Dr%20Cicero%20NY"
"Chipotle Cicero","Mexican","Syracuse","7944 Brewerton Rd, Cicero, NY","https://www.google.com/maps/search/?api=1&query=Chipotle%20Cicero%207944%20Brewerton%20Rd%20Cicero%20NY"
"Moe's Southwest Grill Cicero","Mexican","Syracuse","5663 E Circle Dr, Cicero, NY","https://www.google.com/maps/search/?api=1&query=Moe's%20Southwest%20Grill%20Cicero%205663%20E%20Circle%20Dr%20Cicero%20NY"
"Denny's Cicero","Diner","Syracuse","7873 Brewerton Rd, Cicero, NY","https://www.google.com/maps/search/?api=1&query=Denny's%20Cicero%207873%20Brewerton%20Rd%20Cicero%20NY"
"Euclid Restaurant","American","Syracuse","4285 State Route 31, Clay, NY","https://www.google.com/maps/search/?api=1&query=Euclid%20Restaurant%204285%20State%20Route%2031%20Clay%20NY"
"Change of Pace","Pub","Syracuse","120 Lake St, Liverpool, NY","https://www.google.com/maps/search/?api=1&query=Change%20of%20Pace%20120%20Lake%20St%20Liverpool%20NY"
"Bangkok Thai & Japanese","Thai","Syracuse","7687 Frontage Rd, Liverpool, NY","https://www.google.com/maps/search/?api=1&query=Bangkok%20Thai%20%26%20Japanese%207687%20Frontage%20Rd%20Liverpool%20NY"
"Ocean Sushi","Japanese","Syracuse","3818 NY-31, Liverpool, NY","https://www.google.com/maps/search/?api=1&query=Ocean%20Sushi%203818%20NY-31%20Liverpool%20NY"
"Mr Noodle & Ms Dumpling","Chinese","Syracuse","3810 NY-31, Liverpool, NY","https://www.google.com/maps/search/?api=1&query=Mr%20Noodle%20%26%20Ms%20Dumpling%203810%20NY-31%20Liverpool%20NY"
"Urban Pho","Vietnamese","Syracuse","3920 NY-31, Clay, NY","https://www.google.com/maps/search/?api=1&query=Urban%20Pho%203920%20NY-31%20Clay%20NY"
"Rio Grande Mexican","Mexican","Syracuse","3900 NY-31, Liverpool, NY","https://www.google.com/maps/search/?api=1&query=Rio%20Grande%20Mexican%203900%20NY-31%20Liverpool%20NY"
"Guadalajara Mexican","Mexican","Syracuse","8391 Oswego Rd, Liverpool, NY","https://www.google.com/maps/search/?api=1&query=Guadalajara%20Mexican%208391%20Oswego%20Rd%20Liverpool%20NY"
"Heid's of Liverpool","Fast Food","Syracuse","305 Oswego St, Liverpool, NY","https://www.google.com/maps/search/?api=1&query=Heid's%20of%20Liverpool%20305%20Oswego%20St%20Liverpool%20NY"
"The Retreat","American","Syracuse","302 Old Liverpool Rd, Liverpool, NY","https://www.google.com/maps/search/?api=1&query=The%20Retreat%20302%20Old%20Liverpool%20Rd%20Liverpool%20NY"
"Santangelo's Restaurant","Italian","Syracuse","450 Old Liverpool Rd, Liverpool, NY","https://www.google.com/maps/search/?api=1&query=Santangelo's%20Restaurant%20450%20Old%20Liverpool%20Rd%20Liverpool%20NY"
"Avicollis Restaurant","Italian","Syracuse","7839 Oswego Rd, Liverpool, NY","https://www.google.com/maps/search/?api=1&query=Avicollis%20Restaurant%207839%20Oswego%20Rd%20Liverpool%20NY"
"Bull & Bear Roadhouse","American","Syracuse","8201 Oswego Rd, Liverpool, NY","https://www.google.com/maps/search/?api=1&query=Bull%20%26%20Bear%20Roadhouse%208201%20Oswego%20Rd%20Liverpool%20NY"
"Ichiban Japanese Steakhouse","Japanese","Syracuse","504 Old Liverpool Rd, Liverpool, NY","https://www.google.com/maps/search/?api=1&query=Ichiban%20Japanese%20Steakhouse%20504%20Old%20Liverpool%20Rd%20Liverpool%20NY"
"Texas Roadhouse","American","Syracuse","3895 NY-31, Clay, NY","https://www.google.com/maps/search/?api=1&query=Texas%20Roadhouse%203895%20NY-31%20Clay%20NY"
"Olive Garden","Italian","Syracuse","3920 NY-31, Clay, NY","https://www.google.com/maps/search/?api=1&query=Olive%20Garden%203920%20NY-31%20Clay%20NY"
"Red Lobster","Seafood","Syracuse","3915 NY-31, Clay, NY","https://www.google.com/maps/search/?api=1&query=Red%20Lobster%203915%20NY-31%20Clay%20NY"
"LongHorn Steakhouse","American","Syracuse","3843 NY-31, Clay, NY","https://www.google.com/maps/search/?api=1&query=LongHorn%20Steakhouse%203843%20NY-31%20Clay%20NY"
"Smokey Bones","BBQ","Syracuse","3804 State Rt 31, Clay, NY","https://www.google.com/maps/search/?api=1&query=Smokey%20Bones%203804%20State%20Rt%2031%20Clay%20NY"
"appeThaizing","Thai","Syracuse","105 1st Street, Liverpool, NY","https://www.google.com/maps/search/?api=1&query=appeThaizing%20105%201st%20Street%20Liverpool%20NY"
"Marcella's Italian","Italian","Syracuse","7622 Oswego Road, Liverpool, NY","https://www.google.com/maps/search/?api=1&query=Marcella's%20Italian%207622%20Oswego%20Road%20Liverpool%20NY"
"Fish Company of Liverpool","Seafood","Syracuse","209 Oswego Street, Liverpool, NY","https://www.google.com/maps/search/?api=1&query=Fish%20Company%20of%20Liverpool%20209%20Oswego%20Street%20Liverpool%20NY"
"Eden","American","Syracuse","183 E Genesee St, Syracuse Downtown, NY","https://www.google.com/maps/search/?api=1&query=Eden%20183%20E%20Genesee%20St%20Syracuse%20Downtown%20NY"
"The York","American","Syracuse","247 W Fayette St, Syracuse Downtown, NY","https://www.google.com/maps/search/?api=1&query=The%20York%20247%20W%20Fayette%20St%20Syracuse%20Downtown%20NY"
"Oh My Darling","American","Syracuse","321 S Salina St, Syracuse Downtown, NY","https://www.google.com/maps/search/?api=1&query=Oh%20My%20Darling%20321%20S%20Salina%20St%20Syracuse%20Downtown%20NY"
"Strada Mia 313","Italian","Syracuse","313 N Geddes St, Syracuse Downtown, NY","https://www.google.com/maps/search/?api=1&query=Strada%20Mia%20313%20313%20N%20Geddes%20St%20Syracuse%20Downtown%20NY"
"Phoebe's Restaurant","American","Syracuse","900 E Genesee St, Syracuse Downtown, NY","https://www.google.com/maps/search/?api=1&query=Phoebe's%20Restaurant%20900%20E%20Genesee%20St%20Syracuse%20Downtown%20NY"
"Talking Cursive Brewing","Pub","Syracuse","425 Erie Blvd W, Syracuse Downtown, NY","https://www.google.com/maps/search/?api=1&query=Talking%20Cursive%20Brewing%20425%20Erie%20Blvd%20W%20Syracuse%20Downtown%20NY"
"Dinosaur Bar-B-Que","BBQ","Syracuse","246 W Willow St, Syracuse Downtown, NY","https://www.google.com/maps/search/?api=1&query=Dinosaur%20Bar-B-Que%20246%20W%20Willow%20St%20Syracuse%20Downtown%20NY"
"Pastabilities","Italian","Syracuse","311 S Franklin St, Syracuse Downtown, NY","https://www.google.com/maps/search/?api=1&query=Pastabilities%20311%20S%20Franklin%20St%20Syracuse%20Downtown%20NY"
"Modern Malt","American","Syracuse","325 S Clinton St, Syracuse Downtown, NY","https://www.google.com/maps/search/?api=1&query=Modern%20Malt%20325%20S%20Clinton%20St%20Syracuse%20Downtown%20NY"
"Strong Hearts Vegan Power","American","Syracuse","719 E Genesee St, Syracuse Downtown, NY","https://www.google.com/maps/search/?api=1&query=Strong%20Hearts%20Vegan%20Power%20719%20E%20Genesee%20St%20Syracuse%20Downtown%20NY"
"Funk 'n Waffles","American","Syracuse","307 S Clinton St, Syracuse Downtown, NY","https://www.google.com/maps/search/?api=1&query=Funk%20'n%20Waffles%20307%20S%20Clinton%20St%20Syracuse%20Downtown%20NY"
"Lemon Grass","Thai","Syracuse","113 Walton St, Syracuse Downtown, NY","https://www.google.com/maps/search/?api=1&query=Lemon%20Grass%20113%20Walton%20St%20Syracuse%20Downtown%20NY"
"Kitty Hoyne's Irish Pub","Pub","Syracuse","301 W Fayette St, Syracuse Downtown, NY","https://www.google.com/maps/search/?api=1&query=Kitty%20Hoyne's%20Irish%20Pub%20301%20W%20Fayette%20St%20Syracuse%20Downtown%20NY"
"Francesca's Cucina","Italian","Syracuse","545 N Salina St, Syracuse Downtown, NY","https://www.google.com/maps/search/?api=1&query=Francesca's%20Cucina%20545%20N%20Salina%20St%20Syracuse%20Downtown%20NY"
"Apizza Regionale","Pizza","Syracuse","260 W Genesee St, Syracuse Downtown, NY","https://www.google.com/maps/search/?api=1&query=Apizza%20Regionale%20260%20W%20Genesee%20St%20Syracuse%20Downtown%20NY"
"Twin Trees Original","Pizza","Syracuse","1100 Avery Ave, Syracuse Downtown, NY","https://www.google.com/maps/search/?api=1&query=Twin%20Trees%20Original%201100%20Avery%20Ave%20Syracuse%20Downtown%20NY"
"The Cheesecake Factory","American","Syracuse","306 Hiawatha Blvd W, Syracuse Downtown, NY","https://www.google.com/maps/search/?api=1&query=The%20Cheesecake%20Factory%20306%20Hiawatha%20Blvd%20W%20Syracuse%20Downtown%20NY"
"Texas De Brazil","Steakhouse","Syracuse","306 Hiawatha Blvd W, Syracuse Downtown, NY","https://www.google.com/maps/search/?api=1&query=Texas%20De%20Brazil%20306%20Hiawatha%20Blvd%20W%20Syracuse%20Downtown%20NY"
"Cantina Laredo","Mexican","Syracuse","111 Hiawatha Blvd W, Syracuse Downtown, NY","https://www.google.com/maps/search/?api=1&query=Cantina%20Laredo%20111%20Hiawatha%20Blvd%20W%20Syracuse%20Downtown%20NY"
"Delmonico's Italian Steakhouse","Italian","Syracuse","2950 Erie Blvd E, Syracuse Downtown, NY","https://www.google.com/maps/search/?api=1&query=Delmonico's%20Italian%20Steakhouse%202950%20Erie%20Blvd%20E%20Syracuse%20Downtown%20NY"
"Bonfish Grill","Seafood","Syracuse","600 Towne Dr, Fayetteville, NY","https://www.google.com/maps/search/?api=1&query=Bonfish%20Grill%20600%20Towne%20Dr%20Fayetteville%20NY"
"Alto Cinco","Mexican","Syracuse","526 Westcott St, Westcott, NY","https://www.google.com/maps/search/?api=1&query=Alto%20Cinco%20526%20Westcott%20St%20Westcott%20NY"
"Rise N Shine Diner","Diner","Syracuse","500 Westcott St, Westcott, NY","https://www.google.com/maps/search/?api=1&query=Rise%20N%20Shine%20Diner%20500%20Westcott%20St%20Westcott%20NY"
"Mother's Cupboard","Diner","Syracuse","3709 James St, Eastwood, NY","https://www.google.com/maps/search/?api=1&query=Mother's%20Cupboard%203709%20James%20St%20Eastwood%20NY"
"Scotch 'n Sirloin","Steakhouse","Syracuse","3687 Erie Blvd E, Dewitt, NY","https://www.google.com/maps/search/?api=1&query=Scotch%20'n%20Sirloin%203687%20Erie%20Blvd%20E%20Dewitt%20NY"
"Bistro Elephant","Thai","Syracuse","238 West Jefferson Street, Syracuse Downtown, NY","https://www.google.com/maps/search/?api=1&query=Bistro%20Elephant%20238%20West%20Jefferson%20Street%20Syracuse%20Downtown%20NY"
"Dosa Grill","Indian","Syracuse","4467 East Genesee Street, Dewitt, NY","https://www.google.com/maps/search/?api=1&query=Dosa%20Grill%204467%20East%20Genesee%20Street%20Dewitt%20NY"
"Mario & Salvo's Pizza","Pizza","Syracuse","4326 East Genesee Street, Dewitt, NY","https://www.google.com/maps/search/?api=1&query=Mario%20%26%20Salvo's%20Pizza%204326%20East%20Genesee%20Street%20Dewitt%20NY"
"Ponchito's Taqueria","Mexican","Syracuse","3800 New Court Avenue, Syracuse Downtown, NY","https://www.google.com/maps/search/?api=1&query=Ponchito's%20Taqueria%203800%20New%20Court%20Avenue%20Syracuse%20Downtown%20NY"
"Good Time Sushi","Sushi","Syracuse","301 Fayette Street, Manlius, NY","https://www.google.com/maps/search/?api=1&query=Good%20Time%20Sushi%20301%20Fayette%20Street%20Manlius%20NY"
"Trappers II","Pub","Syracuse","101 North Main Street, Minoa, NY","https://www.google.com/maps/search/?api=1&query=Trappers%20II%20101%20North%20Main%20Street%20Minoa%20NY"
"Dark Horse Tavern","Pub","Syracuse","4312 East Genesee Street, Dewitt, NY","https://www.google.com/maps/search/?api=1&query=Dark%20Horse%20Tavern%204312%20East%20Genesee%20Street%20Dewitt%20NY"
"Ali Baba Restaurant","Middle Eastern","Syracuse","6378 Thompson Road, Dewitt, NY","https://www.google.com/maps/search/?api=1&query=Ali%20Baba%20Restaurant%206378%20Thompson%20Road%20Dewitt%20NY"
"Coppertop Tavern","American","Syracuse","3380 West Genesee Street, Camillus, NY","https://www.google.com/maps/search/?api=1&query=Coppertop%20Tavern%203380%20West%20Genesee%20Street%20Camillus%20NY"
"Pavone's Pizza","Pizza","Syracuse","5781 Bridge Street, East Syracuse, NY","https://www.google.com/maps/search/?api=1&query=Pavone's%20Pizza%205781%20Bridge%20Street%20East%20Syracuse%20NY"
"Empire Buffet","Chinese","Syracuse","3179 Erie Boulevard East, Dewitt, NY","https://www.google.com/maps/search/?api=1&query=Empire%20Buffet%203179%20Erie%20Boulevard%20East%20Dewitt%20NY"
"Goodie's Mediterranean","Mediterranean","Syracuse","3605 James Street, Eastwood, NY","https://www.google.com/maps/search/?api=1&query=Goodie's%20Mediterranean%203605%20James%20Street%20Eastwood%20NY"
"Gangnam Style Korean","Korean","Syracuse","115 Harvard Place, Westcott, NY","https://www.google.com/maps/search/?api=1&query=Gangnam%20Style%20Korean%20115%20Harvard%20Place%20Westcott%20NY"
"Dave's Diner","Diner","Syracuse","119 West Seneca Street, Manlius, NY","https://www.google.com/maps/search/?api=1&query=Dave's%20Diner%20119%20West%20Seneca%20Street%20Manlius%20NY"
"Mom's Diner","Diner","Syracuse","501 Westcott Street, Westcott, NY","https://www.google.com/maps/search/?api=1&query=Mom's%20Diner%20501%20Westcott%20Street%20Westcott%20NY"
"All Night Egg Plant","Diner","Syracuse","5781 Bridge Street, East Syracuse, NY","https://www.google.com/maps/search/?api=1&query=All%20Night%20Egg%20Plant%205781%20Bridge%20Street%20East%20Syracuse%20NY"
"bc Restaurant","American","Syracuse","247 West Fayette Street, Syracuse Downtown, NY","https://www.google.com/maps/search/?api=1&query=bc%20Restaurant%20247%20West%20Fayette%20Street%20Syracuse%20Downtown%20NY"
"Salt Restaurant & Bar","American","Syracuse","1060 East Genesee Street, Syracuse Downtown, NY","https://www.google.com/maps/search/?api=1&query=Salt%20Restaurant%20%26%20Bar%201060%20East%20Genesee%20Street%20Syracuse%20Downtown%20NY"
"Munjed's Middle-Eastern","Middle Eastern","Syracuse","505 Westcott Street, Westcott, NY","https://www.google.com/maps/search/?api=1&query=Munjed's%20Middle-Eastern%20505%20Westcott%20Street%20Westcott%20NY"
"Oompa Loompyas","Filipino","Syracuse","600 Burnet Avenue, Syracuse Downtown, NY","https://www.google.com/maps/search/?api=1&query=Oompa%20Loompyas%20600%20Burnet%20Avenue%20Syracuse%20Downtown%20NY"
"The Pie Guys Pizzeria","Pizza","Syracuse","3106 James Street, Eastwood, NY","https://www.google.com/maps/search/?api=1&query=The%20Pie%20Guys%20Pizzeria%203106%20James%20Street%20Eastwood%20NY"
"Chengtu","Chinese","Syracuse","6430 Kirkville Road, East Syracuse, NY","https://www.google.com/maps/search/?api=1&query=Chengtu%206430%20Kirkville%20Road%20East%20Syracuse%20NY"
"Ruston's Diner","Diner","Syracuse","6407 Jamesville Toll Road, Jamesville, NY","https://www.google.com/maps/search/?api=1&query=Ruston's%20Diner%206407%20Jamesville%20Toll%20Road%20Jamesville%20NY"
"King David's","Greek","Syracuse","317 Towne Drive, Fayetteville, NY","https://www.google.com/maps/search/?api=1&query=King%20David's%20317%20Towne%20Drive%20Fayetteville%20NY"
"A.W. Wander","Pizza","Syracuse","145 East Seneca Street, Manlius, NY","https://www.google.com/maps/search/?api=1&query=A.W.%20Wander%20145%20East%20Seneca%20Street%20Manlius%20NY"
"Bull & Bear Roadhouse","American","Syracuse","411 East Genesee Street, Fayetteville, NY","https://www.google.com/maps/search/?api=1&query=Bull%20%26%20Bear%20Roadhouse%20411%20East%20Genesee%20Street%20Fayetteville%20NY"
"Scenic Root","American","Syracuse","301 Fayette Street, Manlius, NY","https://www.google.com/maps/search/?api=1&query=Scenic%20Root%20301%20Fayette%20Street%20Manlius%20NY"
"The Fish Friar","Seafood","Syracuse","231 East Washington Street, Syracuse Downtown, NY","https://www.google.com/maps/search/?api=1&query=The%20Fish%20Friar%20231%20East%20Washington%20Street%20Syracuse%20Downtown%20NY"
"Stella's Diner","Diner","Syracuse","3709 West Genesee Street, Solvay, NY","https://www.google.com/maps/search/?api=1&query=Stella's%20Diner%203709%20West%20Genesee%20Street%20Solvay%20NY"
"Daniella's Steak House","Steakhouse","Syracuse","581 State Fair Blvd, Solvay, NY","https://www.google.com/maps/search/?api=1&query=Daniella's%20Steak%20House%20581%20State%20Fair%20Blvd%20Solvay%20NY"
"The Market Diner","Diner","Syracuse","2100 Park Street, Syracuse Downtown, NY","https://www.google.com/maps/search/?api=1&query=The%20Market%20Diner%202100%20Park%20Street%20Syracuse%20Downtown%20NY"
"Brooklyn Pickle","Sandwiches","Syracuse","1600 West Genesee Street, Syracuse Downtown, NY","https://www.google.com/maps/search/?api=1&query=Brooklyn%20Pickle%201600%20West%20Genesee%20Street%20Syracuse%20Downtown%20NY"
"Coleman's Authentic Irish Pub","Pub","Syracuse","100 S Lowell Ave, Tipperary Hill, NY","https://www.google.com/maps/search/?api=1&query=Coleman's%20Authentic%20Irish%20Pub%20100%20S%20Lowell%20Ave%20Tipperary%20Hill%20NY"
"The Blarney Stone","Pub","Syracuse","314 Avery Ave, Tipperary Hill, NY","https://www.google.com/maps/search/?api=1&query=The%20Blarney%20Stone%20314%20Avery%20Ave%20Tipperary%20Hill%20NY"
"Nibsy's Pub","Pub","Syracuse","201 Ulster St, Tipperary Hill, NY","https://www.google.com/maps/search/?api=1&query=Nibsy's%20Pub%20201%20Ulster%20St%20Tipperary%20Hill%20NY"
"Don Juan Café","Caribbean","Syracuse","204 Avery Ave, Tipperary Hill, NY","https://www.google.com/maps/search/?api=1&query=Don%20Juan%20Caf%C3%A9%20204%20Avery%20Ave%20Tipperary%20Hill%20NY"
"Las Delicias","Caribbean","Syracuse","600 Westcott St, Westcott, NY","https://www.google.com/maps/search/?api=1&query=Las%20Delicias%20600%20Westcott%20St%20Westcott%20NY"
"New Century","Vietnamese","Syracuse","518 Kirkpatrick St, North Syracuse, NY","https://www.google.com/maps/search/?api=1&query=New%20Century%20518%20Kirkpatrick%20St%20North%20Syracuse%20NY"
"Ky Duyen Cafe","Vietnamese","Syracuse","906 Butternut St, North Syracuse, NY","https://www.google.com/maps/search/?api=1&query=Ky%20Duyen%20Cafe%20906%20Butternut%20St%20North%20Syracuse%20NY"
"Vietnamese Noodle House","Vietnamese","Syracuse","713 N Salina St, North Syracuse, NY","https://www.google.com/maps/search/?api=1&query=Vietnamese%20Noodle%20House%20713%20N%20Salina%20St%20North%20Syracuse%20NY"
"Red Chili","Chinese","Syracuse","2740 Erie Blvd E, East Syracuse, NY","https://www.google.com/maps/search/?api=1&query=Red%20Chili%202740%20Erie%20Blvd%20E%20East%20Syracuse%20NY"
"Asti Caffe","Italian","Syracuse","205 N Salina St, North Syracuse, NY","https://www.google.com/maps/search/?api=1&query=Asti%20Caffe%20205%20N%20Salina%20St%20North%20Syracuse%20NY"
"Yamasho","Sushi","Syracuse","300 W Fayette St, Syracuse Downtown, NY","https://www.google.com/maps/search/?api=1&query=Yamasho%20300%20W%20Fayette%20St%20Syracuse%20Downtown%20NY"
"Firecracker Thai Kitchen","Thai","Syracuse","4324 E Genesee St, Dewitt, NY","https://www.google.com/maps/search/?api=1&query=Firecracker%20Thai%20Kitchen%204324%20E%20Genesee%20St%20Dewitt%20NY"
"Recess Coffee","Cafe","Syracuse","110 Harvard Pl, Westcott, NY","https://www.google.com/maps/search/?api=1&query=Recess%20Coffee%20110%20Harvard%20Pl%20Westcott%20NY"
"Umi Sushi and Hibachi","Japanese","Syracuse","2803 Brewerton Rd, Mattydale, NY","https://www.google.com/maps/search/?api=1&query=Umi%20Sushi%20and%20Hibachi%202803%20Brewerton%20Rd%20Mattydale%20NY"
"Yang Di Chun","Chinese","Syracuse","2226 Erie Blvd E, East Syracuse, NY","https://www.google.com/maps/search/?api=1&query=Yang%20Di%20Chun%202226%20Erie%20Blvd%20E%20East%20Syracuse%20NY"
"Sahota Palace","Indian","Syracuse","668 Old Liverpool Rd, Liverpool, NY","https://www.google.com/maps/search/?api=1&query=Sahota%20Palace%20668%20Old%20Liverpool%20Rd%20Liverpool%20NY"
"Flavor of India","Indian","Syracuse","6812 Manlius Center Rd, East Syracuse, NY","https://www.google.com/maps/search/?api=1&query=Flavor%20of%20India%206812%20Manlius%20Center%20Rd%20East%20Syracuse%20NY"
"Samrat Indian Restaurant","Indian","Syracuse","701 S Crouse Ave, Syracuse Downtown, NY","https://www.google.com/maps/search/?api=1&query=Samrat%20Indian%20Restaurant%20701%20S%20Crouse%20Ave%20Syracuse%20Downtown%20NY"
"Indian Grill","Indian","Syracuse","200 Township Blvd, Camillus, NY","https://www.google.com/maps/search/?api=1&query=Indian%20Grill%20200%20Township%20Blvd%20Camillus%20NY"
"Masala Heaven","Indian","Syracuse","7785C Frontage Rd, Cicero, NY","https://www.google.com/maps/search/?api=1&query=Masala%20Heaven%207785C%20Frontage%20Rd%20Cicero%20NY"
"Clay Oven","Indian","Syracuse","8417 Oswego Rd, Baldwinsville, NY","https://www.google.com/maps/search/?api=1&query=Clay%20Oven%208417%20Oswego%20Rd%20Baldwinsville%20NY"
"Royal Indian Grill","Indian","Syracuse","147 Marshall St, Syracuse Downtown, NY","https://www.google.com/maps/search/?api=1&query=Royal%20Indian%20Grill%20147%20Marshall%20St%20Syracuse%20Downtown%20NY"
"Dakshin Indian Cuisine","Indian","Syracuse","216 Walton St, Syracuse Downtown, NY","https://www.google.com/maps/search/?api=1&query=Dakshin%20Indian%20Cuisine%20216%20Walton%20St%20Syracuse%20Downtown%20NY"
"Raj Saffron House","Indian","Syracuse","124 Dell St, Westcott, NY","https://www.google.com/maps/search/?api=1&query=Raj%20Saffron%20House%20124%20Dell%20St%20Westcott%20NY"
"The Blarney Stone","Pub","Syracuse","314 Avery Ave, Tipperary Hill, NY","https://www.google.com/maps/search/?api=1&query=The%20Blarney%20Stone%20314%20Avery%20Ave%20Tipperary%20Hill%20NY"
"Taste of India","Indian","Syracuse","124 Dell St, Westcott, NY","https://www.google.com/maps/search/?api=1&query=Taste%20of%20India%20124%20Dell%20St%20Westcott%20NY"
"Electrik Karma","Indian","Syracuse","302 W Fayette St, Syracuse Downtown, NY","https://www.google.com/maps/search/?api=1&query=Electrik%20Karma%20302%20W%20Fayette%20St%20Syracuse%20Downtown%20NY"
"Nibsy's Pub","Pub","Syracuse","201 Ulster St, Tipperary Hill, NY","https://www.google.com/maps/search/?api=1&query=Nibsy's%20Pub%20201%20Ulster%20St%20Tipperary%20Hill%20NY"
"Don Juan Café","Caribbean","Syracuse","204 Avery Ave, Tipperary Hill, NY","https://www.google.com/maps/search/?api=1&query=Don%20Juan%20Caf%C3%A9%20204%20Avery%20Ave%20Tipperary%20Hill%20NY"
"Las Delicias","Caribbean","Syracuse","600 Westcott St, Westcott, NY","https://www.google.com/maps/search/?api=1&query=Las%20Delicias%20600%20Westcott%20St%20Westcott%20NY"
"New Century","Vietnamese","Syracuse","518 Kirkpatrick St, North Syracuse, NY","https://www.google.com/maps/search/?api=1&query=New%20Century%20518%20Kirkpatrick%20St%20North%20Syracuse%20NY"
"Ky Duyen Cafe","Vietnamese","Syracuse","906 Butternut St, North Syracuse, NY","https://www.google.com/maps/search/?api=1&query=Ky%20Duyen%20Cafe%20906%20Butternut%20St%20North%20Syracuse%20NY"
"Vietnamese Noodle House","Vietnamese","Syracuse","713 N Salina St, North Syracuse, NY","https://www.google.com/maps/search/?api=1&query=Vietnamese%20Noodle%20House%20713%20N%20Salina%20St%20North%20Syracuse%20NY"
"Red Chili","Chinese","Syracuse","2740 Erie Blvd E, East Syracuse, NY","https://www.google.com/maps/search/?api=1&query=Red%20Chili%202740%20Erie%20Blvd%20E%20East%20Syracuse%20NY"
"Asti Caffe","Italian","Syracuse","205 N Salina St, North Syracuse, NY","https://www.google.com/maps/search/?api=1&query=Asti%20Caffe%20205%20N%20Salina%20St%20North%20Syracuse%20NY"
"Yamasho","Sushi","Syracuse","300 W Fayette St, Syracuse Downtown, NY","https://www.google.com/maps/search/?api=1&query=Yamasho%20300%20W%20Fayette%20St%20Syracuse%20Downtown%20NY"
"Firecracker Thai Kitchen","Thai","Syracuse","4324 E Genesee St, Dewitt, NY","https://www.google.com/maps/search/?api=1&query=Firecracker%20Thai%20Kitchen%204324%20E%20Genesee%20St%20Dewitt%20NY"
"Recess Coffee","Cafe","Syracuse","110 Harvard Pl, Westcott, NY","https://www.google.com/maps/search/?api=1&query=Recess%20Coffee%20110%20Harvard%20Pl%20Westcott%20NY"
"Umi Sushi and Hibachi","Japanese","Syracuse","2803 Brewerton Rd, Mattydale, NY","https://www.google.com/maps/search/?api=1&query=Umi%20Sushi%20and%20Hibachi%202803%20Brewerton%20Rd%20Mattydale%20NY"
"Yang Di Chun","Chinese","Syracuse","2226 Erie Blvd E, East Syracuse, NY","https://www.google.com/maps/search/?api=1&query=Yang%20Di%20Chun%202226%20Erie%20Blvd%20E%20East%20Syracuse%20NY"
"Fiamma Centro","Italian","Rochester","4 Elton St, Rochester, NY","https://www.google.com/maps/search/?api=1&query=Fiamma%20Centro%204%20Elton%20St%20Rochester%20NY"
"Grappa","Italian","Rochester","30 Celebration Dr, Rochester, NY","https://www.google.com/maps/search/?api=1&query=Grappa%2030%20Celebration%20Dr%20Rochester%20NY"
"Next Door by Wegmans","Japanese","Rochester","3220 Monroe Ave, Rochester, NY","https://www.google.com/maps/search/?api=1&query=Next%20Door%20by%20Wegmans%203220%20Monroe%20Ave%20Rochester%20NY"
"Delmonico's Steakhouse Roc","Steakhouse","Rochester","125 White Spruce Blvd, Rochester, NY","https://www.google.com/maps/search/?api=1&query=Delmonico's%20Steakhouse%20Roc%20125%20White%20Spruce%20Blvd%20Rochester%20NY"
"The Owl House","American","Rochester","75 Marshall St, Rochester, NY","https://www.google.com/maps/search/?api=1&query=The%20Owl%20House%2075%20Marshall%20St%20Rochester%20NY"
"Native Eatery & Bar","American","Rochester","180 S Clinton Ave, Rochester, NY","https://www.google.com/maps/search/?api=1&query=Native%20Eatery%20%26%20Bar%20180%20S%20Clinton%20Ave%20Rochester%20NY"
"REDD Rochester","American","Rochester","249 East Ave, Rochester, NY","https://www.google.com/maps/search/?api=1&query=REDD%20Rochester%20249%20East%20Ave%20Rochester%20NY"
"Bitter Honey","Mexican","Rochester","127 Railroad St, Rochester, NY","https://www.google.com/maps/search/?api=1&query=Bitter%20Honey%20127%20Railroad%20St%20Rochester%20NY"
"Fiorella","Italian","Rochester","5 Public Market, Rochester, NY","https://www.google.com/maps/search/?api=1&query=Fiorella%205%20Public%20Market%20Rochester%20NY"
"Good Luck","American","Rochester","50 Anderson Ave, Rochester, NY","https://www.google.com/maps/search/?api=1&query=Good%20Luck%2050%20Anderson%20Ave%20Rochester%20NY"
"Lento","American","Rochester","274 N Goodman St, Rochester, NY","https://www.google.com/maps/search/?api=1&query=Lento%20274%20N%20Goodman%20St%20Rochester%20NY"
"Nosh","American","Rochester","47 Russell St, Rochester, NY","https://www.google.com/maps/search/?api=1&query=Nosh%2047%20Russell%20St%20Rochester%20NY"
"The Revelry","American","Rochester","1290 University Ave, Rochester, NY","https://www.google.com/maps/search/?api=1&query=The%20Revelry%201290%20University%20Ave%20Rochester%20NY"
"Roman's at the View","Italian","Utica/Rome","1716 Genesee St, Utica, NY","https://www.google.com/maps/search/?api=1&query=Roman's%20at%20the%20View%201716%20Genesee%20St%20Utica%20NY"
"Delmonico's Utica","Steakhouse","Utica/Rome","147 N Genesee St, Utica, NY","https://www.google.com/maps/search/?api=1&query=Delmonico's%20Utica%20147%20N%20Genesee%20St%20Utica%20NY"
"Ancora!","Italian","Utica/Rome","261 Genesee St, Utica, NY","https://www.google.com/maps/search/?api=1&query=Ancora!%20261%20Genesee%20St%20Utica%20NY"
"Ocean Blue","Seafood","Utica/Rome","221 Genesee St, Utica, NY","https://www.google.com/maps/search/?api=1&query=Ocean%20Blue%20221%20Genesee%20St%20Utica%20NY"
"Tailor and the Cook","American","Utica/Rome","311 Main St, Utica, NY","https://www.google.com/maps/search/?api=1&query=Tailor%20and%20the%20Cook%20311%20Main%20St%20Utica%20NY"
"Zeina's Cafe","Mediterranean","Utica/Rome","607 Varick St, Utica, NY","https://www.google.com/maps/search/?api=1&query=Zeina's%20Cafe%20607%20Varick%20St%20Utica%20NY"
"Lotus Garden","Vietnamese","Utica/Rome","1011 King St, Utica, NY","https://www.google.com/maps/search/?api=1&query=Lotus%20Garden%201011%20King%20St%20Utica%20NY"
"Tavolo","Italian","Utica/Rome","100 Genese Square, Utica, NY","https://www.google.com/maps/search/?api=1&query=Tavolo%20100%20Genese%20Square%20Utica%20NY"
"Cafe Canole","Italian","Utica/Rome","1 Campion Rd, Utica, NY","https://www.google.com/maps/search/?api=1&query=Cafe%20Canole%201%20Campion%20Rd%20Utica%20NY"
"Gerber's 1933 Tavern","American","Utica/Rome","16 Liberty St, Utica, NY","https://www.google.com/maps/search/?api=1&query=Gerber's%201933%20Tavern%2016%20Liberty%20St%20Utica%20NY"
"The Savoy","Italian","Utica/Rome","255 E Dominick St, Rome, NY","https://www.google.com/maps/search/?api=1&query=The%20Savoy%20255%20E%20Dominick%20St%20Rome%20NY"
"Franklin Hotel","American","Utica/Rome","301 S James St, Rome, NY","https://www.google.com/maps/search/?api=1&query=Franklin%20Hotel%20301%20S%20James%20St%20Rome%20NY"
"Rocky's on the Lake","American","Utica/Rome","430 NY-13, Oneida, NY","https://www.google.com/maps/search/?api=1&query=Rocky's%20on%20the%20Lake%20430%20NY-13%20Oneida%20NY"
"Phu Quoc","Vietnamese","Utica/Rome","657 Bleecker St, Utica, NY","https://www.google.com/maps/search/?api=1&query=Phu%20Quoc%20657%20Bleecker%20St%20Utica%20NY"
"Marib Restaurant","Middle Eastern","Utica/Rome","706 Varick St, Utica, NY","https://www.google.com/maps/search/?api=1&query=Marib%20Restaurant%20706%20Varick%20St%20Utica%20NY"
"Tiny's Grill","Italian","Utica/Rome","1014 State St, Utica, NY","https://www.google.com/maps/search/?api=1&query=Tiny's%20Grill%201014%20State%20St%20Utica%20NY"
"Ventura's Restaurant","Italian","Utica/Rome","787 Lansing St, Utica, NY","https://www.google.com/maps/search/?api=1&query=Ventura's%20Restaurant%20787%20Lansing%20St%20Utica%20NY"
"Bella Regina","Italian","Utica/Rome","239 Genesee St, Utica, NY","https://www.google.com/maps/search/?api=1&query=Bella%20Regina%20239%20Genesee%20St%20Utica%20NY"
"Craylee's","Breakfast","Utica/Rome","237 Bleecker St, Utica, NY","https://www.google.com/maps/search/?api=1&query=Craylee's%20237%20Bleecker%20St%20Utica%20NY"
"The Hub Eatery","American","Utica/Rome","222 Bleecker St, Utica, NY","https://www.google.com/maps/search/?api=1&query=The%20Hub%20Eatery%20222%20Bleecker%20St%20Utica%20NY"
"Delicias Boricua","Caribbean","Utica/Rome","907 Bleecker St, Utica, NY","https://www.google.com/maps/search/?api=1&query=Delicias%20Boricua%20907%20Bleecker%20St%20Utica%20NY"
"Black Rice Sushi & Thai","Asian","Utica/Rome","675 Bleecker St, Utica, NY","https://www.google.com/maps/search/?api=1&query=Black%20Rice%20Sushi%20%26%20Thai%20675%20Bleecker%20St%20Utica%20NY"
"El Barajo","Caribbean","Utica/Rome","672 Bleecker St, Utica, NY","https://www.google.com/maps/search/?api=1&query=El%20Barajo%20672%20Bleecker%20St%20Utica%20NY"
"Sangam","Indian","Ithaca","424 Eddy Street, Ithaca, NY","https://www.google.com/maps/search/?api=1&query=Sangam%20424%20Eddy%20Street%20Ithaca%20NY"
"Ned's Pizza","Pizza","Ithaca","139 Dryden Road, Ithaca, NY","https://www.google.com/maps/search/?api=1&query=Ned's%20Pizza%20139%20Dryden%20Road%20Ithaca%20NY"
"Asia Cuisine","Korean","Ithaca","126 North Aurora Street, Ithaca, NY","https://www.google.com/maps/search/?api=1&query=Asia%20Cuisine%20126%20North%20Aurora%20Street%20Ithaca%20NY"
"Simeon's American Bistro","American","Ithaca","224 East State Street, Ithaca, NY","https://www.google.com/maps/search/?api=1&query=Simeon's%20American%20Bistro%20224%20East%20State%20Street%20Ithaca%20NY"
"Kilpatrick's Publick House","Pub","Ithaca","130 East Seneca Street, Ithaca, NY","https://www.google.com/maps/search/?api=1&query=Kilpatrick's%20Publick%20House%20130%20East%20Seneca%20Street%20Ithaca%20NY"
"Milkstand Breakfast","Breakfast","Ithaca","215 North Meadow Street, Ithaca, NY","https://www.google.com/maps/search/?api=1&query=Milkstand%20Breakfast%20215%20North%20Meadow%20Street%20Ithaca%20NY"
"Agava Restaurant","American","Ithaca","381 Pine Tree Road, Ithaca, NY","https://www.google.com/maps/search/?api=1&query=Agava%20Restaurant%20381%20Pine%20Tree%20Road%20Ithaca%20NY"
"Le Café Cent-Dix","French","Ithaca","110 North Aurora Street, Ithaca, NY","https://www.google.com/maps/search/?api=1&query=Le%20Caf%C3%A9%20Cent-Dix%20110%20North%20Aurora%20Street%20Ithaca%20NY"
"Red's Place","Pub","Ithaca","107 North Aurora Street, Ithaca, NY","https://www.google.com/maps/search/?api=1&query=Red's%20Place%20107%20North%20Aurora%20Street%20Ithaca%20NY"
"Monks on the Commons","American","Ithaca","120 South Aurora Street, Ithaca, NY","https://www.google.com/maps/search/?api=1&query=Monks%20on%20the%20Commons%20120%20South%20Aurora%20Street%20Ithaca%20NY"
"Ithaca Bakery","Bakery","Ithaca","400 North Meadow Street, Ithaca, NY","https://www.google.com/maps/search/?api=1&query=Ithaca%20Bakery%20400%20North%20Meadow%20Street%20Ithaca%20NY"
"New Delhi Diamond's","Indian","Ithaca","106 West Green Street, Ithaca, NY","https://www.google.com/maps/search/?api=1&query=New%20Delhi%20Diamond's%20106%20West%20Green%20Street%20Ithaca%20NY"
"Kelly's Dockside","Seafood","Ithaca","319 Taughannock Boulevard, Ithaca, NY","https://www.google.com/maps/search/?api=1&query=Kelly's%20Dockside%20319%20Taughannock%20Boulevard%20Ithaca%20NY"
"Coal Yard Cafe","Cafe","Ithaca","143 Maple Avenue, Ithaca, NY","https://www.google.com/maps/search/?api=1&query=Coal%20Yard%20Cafe%20143%20Maple%20Avenue%20Ithaca%20NY"
"Yellow Deli","Sandwiches","Ithaca","143 Ithaca Commons, Ithaca, NY","https://www.google.com/maps/search/?api=1&query=Yellow%20Deli%20143%20Ithaca%20Commons%20Ithaca%20NY"
"Ithaca Coffee Company","Cafe","Ithaca","2575 N Triphammer Rd, Ithaca, NY","https://www.google.com/maps/search/?api=1&query=Ithaca%20Coffee%20Company%202575%20N%20Triphammer%20Rd%20Ithaca%20NY"
"Dolce Delights","Ice Cream","Ithaca","1080 Danby Road, Ithaca, NY","https://www.google.com/maps/search/?api=1&query=Dolce%20Delights%201080%20Danby%20Road%20Ithaca%20NY"
"Gimme! Coffee","Cafe","Ithaca","430 North Cayuga Street, Ithaca, NY","https://www.google.com/maps/search/?api=1&query=Gimme!%20Coffee%20430%20North%20Cayuga%20Street%20Ithaca%20NY"
"Mira Bistro","Mediterranean","Ithaca","3812 E Shore Dr, Lansing, NY","https://www.google.com/maps/search/?api=1&query=Mira%20Bistro%203812%20E%20Shore%20Dr%20Lansing%20NY"
"Joe's Restaurant","Italian","Ithaca","602 W Buffalo St, Ithaca, NY","https://www.google.com/maps/search/?api=1&query=Joe's%20Restaurant%20602%20W%20Buffalo%20St%20Ithaca%20NY"
"Sushi Hibachi","Sushi","Ithaca","3800 E Shore Dr, Ithaca, NY","https://www.google.com/maps/search/?api=1&query=Sushi%20Hibachi%203800%20E%20Shore%20Dr%20Ithaca%20NY"
"Northeast Pizza","Pizza","Ithaca","23 Cinema Dr, Ithaca, NY","https://www.google.com/maps/search/?api=1&query=Northeast%20Pizza%2023%20Cinema%20Dr%20Ithaca%20NY"
"Cornell Dairy Bar","Ice Cream","Ithaca","411 Tower Rd, Ithaca, NY","https://www.google.com/maps/search/?api=1&query=Cornell%20Dairy%20Bar%20411%20Tower%20Rd%20Ithaca%20NY"
"Carriage House Cafe","Cafe","Ithaca","305 Stewart Ave, Ithaca, NY","https://www.google.com/maps/search/?api=1&query=Carriage%20House%20Cafe%20305%20Stewart%20Ave%20Ithaca%20NY"
"Revelry Yards","American","Ithaca","111 N Aurora St, Ithaca, NY","https://www.google.com/maps/search/?api=1&query=Revelry%20Yards%20111%20N%20Aurora%20St%20Ithaca%20NY"
"Food Lab","American","Ithaca","110 N Aurora St, Ithaca, NY","https://www.google.com/maps/search/?api=1&query=Food%20Lab%20110%20N%20Aurora%20St%20Ithaca%20NY"
"Gola Osteria","Italian","Ithaca","115 S Quarry St, Ithaca, NY","https://www.google.com/maps/search/?api=1&query=Gola%20Osteria%20115%20S%20Quarry%20St%20Ithaca%20NY"
"Saigon Kitchen","Vietnamese","Ithaca","526 W State St, Ithaca, NY","https://www.google.com/maps/search/?api=1&query=Saigon%20Kitchen%20526%20W%20State%20St%20Ithaca%20NY"
"Mia Tapas Bar","American","Ithaca","130 E State St, Ithaca, NY","https://www.google.com/maps/search/?api=1&query=Mia%20Tapas%20Bar%20130%20E%20State%20St%20Ithaca%20NY"
"Moosewood","American","Ithaca","215 N Cayuga St, Ithaca, NY","https://www.google.com/maps/search/?api=1&query=Moosewood%20215%20N%20Cayuga%20St%20Ithaca%20NY"
"Boatyard Grill","American","Ithaca","525 Taughannock Blvd, Ithaca, NY","https://www.google.com/maps/search/?api=1&query=Boatyard%20Grill%20525%20Taughannock%20Blvd%20Ithaca%20NY"
"Ithaca Ale House","Pub","Ithaca","301 E State St, Ithaca, NY","https://www.google.com/maps/search/?api=1&query=Ithaca%20Ale%20House%20301%20E%20State%20St%20Ithaca%20NY"
"Maxie's Supper Club","Seafood","Ithaca","635 W State St, Ithaca, NY","https://www.google.com/maps/search/?api=1&query=Maxie's%20Supper%20Club%20635%20W%20State%20St%20Ithaca%20NY"
"Northstar House","American","Ithaca","202 E Falls St, Ithaca, NY","https://www.google.com/maps/search/?api=1&query=Northstar%20House%20202%20E%20Falls%20St%20Ithaca%20NY"
"Mercato Bar & Kitchen","Italian","Ithaca","108 N Aurora St, Ithaca, NY","https://www.google.com/maps/search/?api=1&query=Mercato%20Bar%20%26%20Kitchen%20108%20N%20Aurora%20St%20Ithaca%20NY"
"Moxie Wood Fire Grill","Steakhouse","Binghamton","1212 Front St, Binghamton, NY","https://www.google.com/maps/search/?api=1&query=Moxie%20Wood%20Fire%20Grill%201212%20Front%20St%20Binghamton%20NY"
"Lost Dog Cafe & Lounge","American","Binghamton","222 Water St, Binghamton, NY","https://www.google.com/maps/search/?api=1&query=Lost%20Dog%20Cafe%20%26%20Lounge%20222%20Water%20St%20Binghamton%20NY"
"Social on State","American","Binghamton","201 State St, Binghamton, NY","https://www.google.com/maps/search/?api=1&query=Social%20on%20State%20201%20State%20St%20Binghamton%20NY"
"205 Dry","American","Binghamton","205 State St, Binghamton, NY","https://www.google.com/maps/search/?api=1&query=205%20Dry%20205%20State%20St%20Binghamton%20NY"
"The Colonial","American","Binghamton","56 Court St, Binghamton, NY","https://www.google.com/maps/search/?api=1&query=The%20Colonial%2056%20Court%20St%20Binghamton%20NY"
"Little Venice","Italian","Binghamton","111 Chenango St, Binghamton, NY","https://www.google.com/maps/search/?api=1&query=Little%20Venice%20111%20Chenango%20St%20Binghamton%20NY"
"Thai Time","Thai","Binghamton","96 Front St, Binghamton, NY","https://www.google.com/maps/search/?api=1&query=Thai%20Time%2096%20Front%20St%20Binghamton%20NY"
"Cortese Restaurant","Italian","Binghamton","117 Robinson St, Binghamton, NY","https://www.google.com/maps/search/?api=1&query=Cortese%20Restaurant%20117%20Robinson%20St%20Binghamton%20NY"
"Remlik's Grille & Oyster Bar","Seafood","Binghamton","31 Lewis St, Binghamton, NY","https://www.google.com/maps/search/?api=1&query=Remlik's%20Grille%20%26%20Oyster%20Bar%2031%20Lewis%20St%20Binghamton%20NY"
"Currys of India","Indian","Binghamton","45 Court St, Binghamton, NY","https://www.google.com/maps/search/?api=1&query=Currys%20of%20India%2045%20Court%20St%20Binghamton%20NY"
"Burger Mondays","American","Binghamton","23 Henry St, Binghamton, NY","https://www.google.com/maps/search/?api=1&query=Burger%20Mondays%2023%20Henry%20St%20Binghamton%20NY"
"Turkish Grill","Middle Eastern","Binghamton","187 Main St, Binghamton, NY","https://www.google.com/maps/search/?api=1&query=Turkish%20Grill%20187%20Main%20St%20Binghamton%20NY"
"The Stone Fox","Pizza","Binghamton","15 Hawley St, Binghamton, NY","https://www.google.com/maps/search/?api=1&query=The%20Stone%20Fox%2015%20Hawley%20St%20Binghamton%20NY"
"Iron Agave","Mexican","Binghamton","60 Court St, Binghamton, NY","https://www.google.com/maps/search/?api=1&query=Iron%20Agave%2060%20Court%20St%20Binghamton%20NY"
"BIG ZUES Barbecue","BBQ","Binghamton","213 Chenango St, Binghamton, NY","https://www.google.com/maps/search/?api=1&query=BIG%20ZUES%20Barbecue%20213%20Chenango%20St%20Binghamton%20NY"
"Michelangelo's Pizzeria","Pizza","Binghamton","465 Court St, Binghamton, NY","https://www.google.com/maps/search/?api=1&query=Michelangelo's%20Pizzeria%20465%20Court%20St%20Binghamton%20NY"
"Manni's Donuts And Diner","Diner","Binghamton","1185 Vestal Ave, Binghamton, NY","https://www.google.com/maps/search/?api=1&query=Manni's%20Donuts%20And%20Diner%201185%20Vestal%20Ave%20Binghamton%20NY"
"Citrea","Mediterranean","Binghamton","7 Court St, Binghamton, NY","https://www.google.com/maps/search/?api=1&query=Citrea%207%20Court%20St%20Binghamton%20NY"
"Binghamton Hots","American","Binghamton","128 Washington St, Binghamton, NY","https://www.google.com/maps/search/?api=1&query=Binghamton%20Hots%20128%20Washington%20St%20Binghamton%20NY"
"Tranquil Bar & Bistro","French","Binghamton","36 Pine St, Binghamton, NY","https://www.google.com/maps/search/?api=1&query=Tranquil%20Bar%20%26%20Bistro%2036%20Pine%20St%20Binghamton%20NY"
"Amici","Italian","Binghamton","212 Henry St, Binghamton, NY","https://www.google.com/maps/search/?api=1&query=Amici%20212%20Henry%20St%20Binghamton%20NY"
"The Brewster Inn","American","Cazenovia","6 Ledyard Ave, Cazenovia, NY","https://www.google.com/maps/search/?api=1&query=The%20Brewster%20Inn%206%20Ledyard%20Ave%20Cazenovia%20NY"
"Brae Loch Inn","American","Cazenovia","5 Albany St, Cazenovia, NY","https://www.google.com/maps/search/?api=1&query=Brae%20Loch%20Inn%205%20Albany%20St%20Cazenovia%20NY"
"Lincklaen House","American","Cazenovia","79 Albany St, Cazenovia, NY","https://www.google.com/maps/search/?api=1&query=Lincklaen%20House%2079%20Albany%20St%20Cazenovia%20NY"
"Meier's Creek Brewing Co.","Pub","Cazenovia","33 Rippleton Rd, Cazenovia, NY","https://www.google.com/maps/search/?api=1&query=Meier's%20Creek%20Brewing%20Co.%2033%20Rippleton%20Rd%20Cazenovia%20NY"
"Caz Pizza","Pizza","Cazenovia","101 Albany St, Cazenovia, NY","https://www.google.com/maps/search/?api=1&query=Caz%20Pizza%20101%20Albany%20St%20Cazenovia%20NY"
"Elephant and The Dove","Mexican","Skaneateles","9 E Genesee St, Skaneateles, NY","https://www.google.com/maps/search/?api=1&query=Elephant%20and%20The%20Dove%209%20E%20Genesee%20St%20Skaneateles%20NY"
"Gilda's","Italian","Skaneateles","12 Genesee St, Skaneateles, NY","https://www.google.com/maps/search/?api=1&query=Gilda's%2012%20Genesee%20St%20Skaneateles%20NY"
"The Krebs","American","Skaneateles","53 W Genesee St, Skaneateles, NY","https://www.google.com/maps/search/?api=1&query=The%20Krebs%2053%20W%20Genesee%20St%20Skaneateles%20NY"
"Blue Water Grill","American","Skaneateles","11 W Genesee St, Skaneateles, NY","https://www.google.com/maps/search/?api=1&query=Blue%20Water%20Grill%2011%20W%20Genesee%20St%20Skaneateles%20NY"
"Rosalie's Cucina","Italian","Skaneateles","1250 Genesee St, Skaneateles, NY","https://www.google.com/maps/search/?api=1&query=Rosalie's%20Cucina%201250%20Genesee%20St%20Skaneateles%20NY"
"Moro's Kitchen","Italian","Skaneateles","28 Jordan St, Skaneateles, NY","https://www.google.com/maps/search/?api=1&query=Moro's%20Kitchen%2028%20Jordan%20St%20Skaneateles%20NY"
"Sherwood Inn","American","Skaneateles","26 W Genesee St, Skaneateles, NY","https://www.google.com/maps/search/?api=1&query=Sherwood%20Inn%2026%20W%20Genesee%20St%20Skaneateles%20NY"
"F.L.X. Table","American","Finger Lakes (Geneva/Seneca)","18 Linden St, Geneva, NY","https://www.google.com/maps/search/?api=1&query=F.L.X.%20Table%2018%20Linden%20St%20Geneva%20NY"
"Kindred Fare","American","Finger Lakes (Geneva/Seneca)","512 Hamilton St, Geneva, NY","https://www.google.com/maps/search/?api=1&query=Kindred%20Fare%20512%20Hamilton%20St%20Geneva%20NY"
"The Elephant Geneva","Thai","Finger Lakes (Geneva/Seneca)","42 Linden St, Geneva, NY","https://www.google.com/maps/search/?api=1&query=The%20Elephant%20Geneva%2042%20Linden%20St%20Geneva%20NY"
"84 Fall","American","Finger Lakes (Geneva/Seneca)","84 Fall St, Seneca Falls, NY","https://www.google.com/maps/search/?api=1&query=84%20Fall%2084%20Fall%20St%20Seneca%20Falls%20NY"
"Wolffy's Grill and Marina","American","Finger Lakes (Geneva/Seneca)","6257 State Route 89, Seneca Falls, NY","https://www.google.com/maps/search/?api=1&query=Wolffy's%20Grill%20and%20Marina%206257%20State%20Route%2089%20Seneca%20Falls%20NY"
"Parker's on Fall","Pub","Finger Lakes (Geneva/Seneca)","84 Fall St, Seneca Falls, NY","https://www.google.com/maps/search/?api=1&query=Parker's%20on%20Fall%2084%20Fall%20St%20Seneca%20Falls%20NY"
"Portico by Fabio Viviani","Steakhouse","Finger Lakes (Geneva/Seneca)","1133 NY-414, Seneca Falls, NY","https://www.google.com/maps/search/?api=1&query=Portico%20by%20Fabio%20Viviani%201133%20NY-414%20Seneca%20Falls%20NY"
"Pete's Trattoria","Italian","N. Country (Oswego/Watertown)","111 Breen Ave, Watertown, NY","https://www.google.com/maps/search/?api=1&query=Pete's%20Trattoria%20111%20Breen%20Ave%20Watertown%20NY"
"Crystal Restaurant","American","N. Country (Oswego/Watertown)","87 Public Square, Watertown, NY","https://www.google.com/maps/search/?api=1&query=Crystal%20Restaurant%2087%20Public%20Square%20Watertown%20NY"
"Maggie's On The River","Pub","N. Country (Oswego/Watertown)","500 Newell St, Watertown, NY","https://www.google.com/maps/search/?api=1&query=Maggie's%20On%20The%20River%20500%20Newell%20St%20Watertown%20NY"
"Bistro 197","American","N. Country (Oswego/Watertown)","197 W 1st St, Oswego, NY","https://www.google.com/maps/search/?api=1&query=Bistro%20197%20197%20W%201st%20St%20Oswego%20NY"
"GS Steamers","American","N. Country (Oswego/Watertown)","71 E 1st St, Oswego, NY","https://www.google.com/maps/search/?api=1&query=GS%20Steamers%2071%20E%201st%20St%20Oswego%20NY"
"The Red Sun","Japanese","N. Country (Oswego/Watertown)","212 W 1st St, Oswego, NY","https://www.google.com/maps/search/?api=1&query=The%20Red%20Sun%20212%20W%201st%20St%20Oswego%20NY"
"Canale's Restaurant","Italian","N. Country (Oswego/Watertown)","156 W Utica St, Oswego, NY","https://www.google.com/maps/search/?api=1&query=Canale's%20Restaurant%20156%20W%20Utica%20St%20Oswego%20NY"
"The Cellar","American","Southern Tier","21 W Market St, Corning, NY","https://www.google.com/maps/search/?api=1&query=The%20Cellar%2021%20W%20Market%20St%20Corning%20NY"
"Hand + Foot","American","Southern Tier","18 W Market St, Corning, NY","https://www.google.com/maps/search/?api=1&query=Hand%20%2B%20Foot%2018%20W%20Market%20St%20Corning%20NY"
"Old World Cafe","Cafe","Southern Tier","1 W Market St, Corning, NY","https://www.google.com/maps/search/?api=1&query=Old%20World%20Cafe%201%20W%20Market%20St%20Corning%20NY"
"Market Street Brewing","Pub","Southern Tier","63 W Market St, Corning, NY","https://www.google.com/maps/search/?api=1&query=Market%20Street%20Brewing%2063%20W%20Market%20St%20Corning%20NY"
"Rye Bar and Restaurant","American","Southern Tier","351 E Water St, Elmira, NY","https://www.google.com/maps/search/?api=1&query=Rye%20Bar%20and%20Restaurant%20351%20E%20Water%20St%20Elmira%20NY"
"Hill Top Inn","American","Southern Tier","171 Jerusalem Hill Rd, Elmira, NY","https://www.google.com/maps/search/?api=1&query=Hill%20Top%20Inn%20171%20Jerusalem%20Hill%20Rd%20Elmira%20NY"
"Lib's Supper Club","Italian","Southern Tier","106 W 5th St, Elmira, NY","https://www.google.com/maps/search/?api=1&query=Lib's%20Supper%20Club%20106%20W%205th%20St%20Elmira%20NY"
"Turtle Leaf Cafe","Cafe","Southern Tier","315 E Water St, Elmira, NY","https://www.google.com/maps/search/?api=1&query=Turtle%20Leaf%20Cafe%20315%20E%20Water%20St%20Elmira%20NY"
"Olde Bryan Inn","Pub","Saratoga Springs","123 Maple Ave, Saratoga Springs, NY","https://www.google.com/maps/search/?api=1&query=Olde%20Bryan%20Inn%20123%20Maple%20Ave%20Saratoga%20Springs%20NY"
"Hattie's Restaurant","American","Saratoga Springs","45 Philly St, Saratoga Springs, NY","https://www.google.com/maps/search/?api=1&query=Hattie's%20Restaurant%2045%20Philly%20St%20Saratoga%20Springs%20NY"
"Druthers Brewing","Pub","Saratoga Springs","381 Broadway, Saratoga Springs, NY","https://www.google.com/maps/search/?api=1&query=Druthers%20Brewing%20381%20Broadway%20Saratoga%20Springs%20NY"
"15 Church","American","Saratoga Springs","15 Church St, Saratoga Springs, NY","https://www.google.com/maps/search/?api=1&query=15%20Church%2015%20Church%20St%20Saratoga%20Springs%20NY"
"Boca Bistro","Mediterranean","Saratoga Springs","384 Broadway, Saratoga Springs, NY","https://www.google.com/maps/search/?api=1&query=Boca%20Bistro%20384%20Broadway%20Saratoga%20Springs%20NY"
"The Wishing Well","American","Saratoga Springs","745 Saratoga Rd, Saratoga Springs, NY","https://www.google.com/maps/search/?api=1&query=The%20Wishing%20Well%20745%20Saratoga%20Rd%20Saratoga%20Springs%20NY"
"Prison City Brewing","Pub","Auburn","28 State St, Auburn, NY","https://www.google.com/maps/search/?api=1&query=Prison%20City%20Brewing%2028%20State%20St%20Auburn%20NY"
"Moro's Table","American","Auburn","1 E Genesee St, Auburn, NY","https://www.google.com/maps/search/?api=1&query=Moro's%20Table%201%20E%20Genesee%20St%20Auburn%20NY"
"Swaby's Tavern","Pub","Auburn","6 South St, Auburn, NY","https://www.google.com/maps/search/?api=1&query=Swaby's%20Tavern%206%20South%20St%20Auburn%20NY"
"Mesa Grande Taqueria","Mexican","Auburn","100 Genesee St, Auburn, NY","https://www.google.com/maps/search/?api=1&query=Mesa%20Grande%20Taqueria%20100%20Genesee%20St%20Auburn%20NY"